experiment_signature,run_id,condition,query_id,category,question,corpus_chunks,corpus_fingerprint,top_k,expected_provider,expected_model,actual_provider,actual_model,temperature,max_tokens,think,generation_seed,retrieval_time_ns,generation_time_ns,end_to_end_time_ns,retrieved_chunk_ids,relevant_chunk_ids,relevant_retrieved_chunk_ids,retrieval_hit_count,precision_at_5,recall_at_5,citation_valid,citation_retry_count,citation_count,valid_citations,invalid_citations,citation_relevant_count,citation_relevance,answer_word_count,answer,generation_metadata
4553917e52e34254a967f8f83ee5040c1561f36c7bdfdb11aad65089b9541e51,no_rag|q01,no_rag,q01,tutorial,How do I create a basic FastAPI application and define my first path operation?,1305,e08b47b55d7237f38bcaba48c79a468a40b92e4f3120e968ae9ece999f5e8c2d,,ollama,qwen2.5:3b,ollama,qwen2.5:3b,0.0,256,false,42,,874029600,874029600,[],"[""advanced/sub-applications-2"", ""deployment/docker-7"", ""tutorial/first-steps-0"", ""tutorial/first-steps-22"", ""tutorial/first-steps-23"", ""tutorial/first-steps-26"", ""tutorial/first-steps-28"", ""tutorial/first-steps-33""]",[],,,,,,,[],[],,,19,"Create a FastAPI application, define a route with `router`, and use the `@router.post` decorator to define a path operation.","{""done_reason"": ""stop"", ""eval_count"": 29, ""eval_duration"": 473928000, ""load_duration"": 2089300, ""prompt_eval_count"": 83, ""prompt_eval_duration"": 389961000, ""requested_max_tokens"": 256, ""requested_seed"": 42, ""requested_temperature"": 0.0, ""thinking_enabled"": false, ""total_duration"": 871371900}"
4553917e52e34254a967f8f83ee5040c1561f36c7bdfdb11aad65089b9541e51,optimized|q01,optimized,q01,tutorial,How do I create a basic FastAPI application and define my first path operation?,1305,e08b47b55d7237f38bcaba48c79a468a40b92e4f3120e968ae9ece999f5e8c2d,5,ollama,qwen2.5:3b,ollama,qwen2.5:3b,0.0,256,false,42,9998700,6847792400,6857934500,"[""advanced/security/http-basic-auth-0"", ""tutorial/first-steps-23"", ""how-to/custom-docs-ui-assets-5"", ""contributing-0"", ""how-to/custom-docs-ui-assets-15""]","[""advanced/sub-applications-2"", ""deployment/docker-7"", ""tutorial/first-steps-0"", ""tutorial/first-steps-22"", ""tutorial/first-steps-23"", ""tutorial/first-steps-26"", ""tutorial/first-steps-28"", ""tutorial/first-steps-33""]","[""tutorial/first-steps-23""]",1,0.2,0.125,true,0,5,"[""how-to/custom-docs-ui-assets-5"", ""how-to/custom-docs-ui-assets-15"", ""advanced/security/http-basic-auth-0"", ""tutorial/first-steps-23"", ""contributing-0""]",[],1,0.2,75,"To create a basic FastAPI application and define your first path operation, you can follow these steps:

1. Create a path operation to test it, as described in [how-to/custom-docs-ui-assets-5] and [how-to/custom-docs-ui-assets-15].

2. Use HTTP Basic Auth for authentication, as explained in [advanced/security/http-basic-auth-0].

3. Define your first path operation, as detailed in [tutorial/first-steps-23].

4. Test your application using the path operation, as shown in [how-to/custom-docs-ui-assets-5] and [how-to/custom-docs-ui-assets-15].

5. For contributing and getting help, refer to [contributing-0].","{""citation_count"": 5, ""citation_retry_count"": 0, ""citation_valid"": true, ""done_reason"": ""stop"", ""effective_max_tokens"": 256, ""eval_count"": 153, ""eval_duration"": 2632284000, ""invalid_citations"": [], ""load_duration"": 2162000, ""prompt_eval_count"": 830, ""prompt_eval_duration"": 4200100999, ""requested_max_tokens"": 256, ""requested_seed"": 42, ""requested_temperature"": 0.0, ""thinking_enabled"": false, ""total_duration"": 6845138300, ""truncation_retries"": 0, ""valid_citations"": [""how-to/custom-docs-ui-assets-5"", ""how-to/custom-docs-ui-assets-15"", ""advanced/security/http-basic-auth-0"", ""tutorial/first-steps-23"", ""contributing-0""]}"
4553917e52e34254a967f8f83ee5040c1561f36c7bdfdb11aad65089b9541e51,semantic|q01,semantic,q01,tutorial,How do I create a basic FastAPI application and define my first path operation?,1305,e08b47b55d7237f38bcaba48c79a468a40b92e4f3120e968ae9ece999f5e8c2d,5,ollama,qwen2.5:3b,ollama,qwen2.5:3b,0.0,256,false,42,17810900,4770304200,4788261100,"[""advanced/sub-applications-3"", ""advanced/sub-applications-2"", ""tutorial/first-steps-33"", ""deployment/docker-7"", ""tutorial/bigger-applications-23""]","[""advanced/sub-applications-2"", ""deployment/docker-7"", ""tutorial/first-steps-0"", ""tutorial/first-steps-22"", ""tutorial/first-steps-23"", ""tutorial/first-steps-26"", ""tutorial/first-steps-28"", ""tutorial/first-steps-33""]","[""advanced/sub-applications-2"", ""tutorial/first-steps-33"", ""deployment/docker-7""]",3,0.6,0.375,true,0,1,"[""tutorial/first-steps-33""]",[],1,1.0,16,"Create the main, top-level, FastAPI application and its path operations as shown in the [tutorial/first-steps-33] documentation.","{""citation_count"": 1, ""citation_retry_count"": 0, ""citation_valid"": true, ""done_reason"": ""stop"", ""effective_max_tokens"": 256, ""eval_count"": 31, ""eval_duration"": 520697000, ""invalid_citations"": [], ""load_duration"": 2624900, ""prompt_eval_count"": 1030, ""prompt_eval_duration"": 4223760000, ""requested_max_tokens"": 256, ""requested_seed"": 42, ""requested_temperature"": 0.0, ""thinking_enabled"": false, ""total_duration"": 4766962100, ""truncation_retries"": 0, ""valid_citations"": [""tutorial/first-steps-33""]}"
