query_id,category,question,candidate_order,chunk_id,source_path,section_title,content,adjudicator,adjudicated_relevance,adjudication_notes
q13,security,How can I protect an endpoint using an API key in FastAPI?,35,tutorial/security/index-8,tutorial/security/index.md,**FastAPI** utilities { #fastapi-utilities },"## **FastAPI** utilities { #fastapi-utilities }

FastAPI provides several tools for each of these security schemes in the `fastapi.security` module that simplify using these security mechanisms.

In the next chapters you will see how to add security to your API using those tools provided by **FastAPI**.

And you will also see how it gets automatically integrated into the interactive documentation system.",carlos,0,
q16,middleware_cors,How can I configure trusted hosts or HTTPS redirection middleware in FastAPI?,22,tutorial/middleware-0,tutorial/middleware.md,Middleware { #middleware },"# Middleware { #middleware }

You can add middleware to **FastAPI** applications.

A ""middleware"" is a function that works with every **request** before it is processed by any specific *path operation*. And also with every **response** before returning it.

* It takes each **request** that comes to your application.
* It can then do something to that **request** or run any needed code.
* Then it passes the **request** to be processed by the rest of the application (by some *path operation*).
* It then takes the **response** generated by the application (by some *path operation*).
* It can do something to that **response** or run any needed code.
* Then it returns the **response**.

/// note | Technical Details

If you have dependencies with `yield`, the exit code will run *after* the middleware.

If there were any background tasks (covered in the [Background Tasks](background-tasks.md) section, you will see it later), they will run *after* all the middleware.

///",carlos,0,
q17,background_tasks,How can I run work after returning a response using BackgroundTasks in FastAPI?,8,tutorial/middleware-0,tutorial/middleware.md,Middleware { #middleware },"# Middleware { #middleware }

You can add middleware to **FastAPI** applications.

A ""middleware"" is a function that works with every **request** before it is processed by any specific *path operation*. And also with every **response** before returning it.

* It takes each **request** that comes to your application.
* It can then do something to that **request** or run any needed code.
* Then it passes the **request** to be processed by the rest of the application (by some *path operation*).
* It then takes the **response** generated by the application (by some *path operation*).
* It can do something to that **response** or run any needed code.
* Then it returns the **response**.

/// note | Technical Details

If you have dependencies with `yield`, the exit code will run *after* the middleware.

If there were any background tasks (covered in the [Background Tasks](background-tasks.md) section, you will see it later), they will run *after* all the middleware.

///",carlos,0,
q17,background_tasks,How can I run work after returning a response using BackgroundTasks in FastAPI?,15,advanced/advanced-dependencies-12,advanced/advanced-dependencies.md,"Background Tasks and Dependencies with `yield`, Technical Details { #background-tasks-and-dependencies-with-yield-technical-details }","### Background Tasks and Dependencies with `yield`, Technical Details { #background-tasks-and-dependencies-with-yield-technical-details }

Before FastAPI 0.106.0, raising exceptions after `yield` was not possible, the exit code in dependencies with `yield` was executed *after* the response was sent, so [Exception Handlers](../tutorial/handling-errors.md#install-custom-exception-handlers) would have already run.

This was designed this way mainly to allow using the same objects ""yielded"" by dependencies inside of background tasks, because the exit code would be executed after the background tasks were finished.

This was changed in FastAPI 0.106.0 with the intention to not hold resources while waiting for the response to travel through the network.

/// tip

Additionally, a background task is normally an independent set of logic that should be handled separately, with its own resources (e.g. its own database connection).

So, this way you will probably have cleaner code.

///

If you used to rely on this behavior, now you should create the resources for background tasks inside the background task itself, and use internally only data that doesn't depend on the resources of dependencies with `yield`.

For example, instead of using the same database session, you would create a new database session inside of the background task, and you would obtain the objects from the database using this new session. And then instead of passing the object from the database as a parameter to the background task function, you would pass the ID of that object and then obtain the object again inside the background task function.",carlos,1,
q17,background_tasks,How can I run work after returning a response using BackgroundTasks in FastAPI?,29,tutorial/background-tasks-5,tutorial/background-tasks.md,Technical Details { #technical-details },"## Technical Details { #technical-details }

The class `BackgroundTasks` comes directly from [`starlette.background`](https://starlette.dev/background/).

It is imported/included directly into FastAPI so that you can import it from `fastapi` and avoid accidentally importing the alternative `BackgroundTask` (without the `s` at the end) from `starlette.background`.

By only using `BackgroundTasks` (and not `BackgroundTask`), it's then possible to use it as a *path operation function* parameter and have **FastAPI** handle the rest for you, just like when using the `Request` object directly.

It's still possible to use `BackgroundTask` alone in FastAPI, but you have to create the object in your code and return a Starlette `Response` including it.

You can see more details in [Starlette's official docs for Background Tasks](https://starlette.dev/background/).",carlos,1,
q18,background_tasks,Can FastAPI dependencies add tasks to the same BackgroundTasks object?,21,tutorial/background-tasks-5,tutorial/background-tasks.md,Technical Details { #technical-details },"## Technical Details { #technical-details }

The class `BackgroundTasks` comes directly from [`starlette.background`](https://starlette.dev/background/).

It is imported/included directly into FastAPI so that you can import it from `fastapi` and avoid accidentally importing the alternative `BackgroundTask` (without the `s` at the end) from `starlette.background`.

By only using `BackgroundTasks` (and not `BackgroundTask`), it's then possible to use it as a *path operation function* parameter and have **FastAPI** handle the rest for you, just like when using the `Request` object directly.

It's still possible to use `BackgroundTask` alone in FastAPI, but you have to create the object in your code and return a Starlette `Response` including it.

You can see more details in [Starlette's official docs for Background Tasks](https://starlette.dev/background/).",carlos,0,
q22,deployment,What are workers and when should I use multiple worker processes to run FastAPI?,8,deployment/docker-35,deployment/docker.md,Base Docker Image { #base-docker-image },"### Base Docker Image { #base-docker-image }

There used to be an official FastAPI Docker image: [tiangolo/uvicorn-gunicorn-fastapi](https://github.com/tiangolo/uvicorn-gunicorn-fastapi-docker). But it is now deprecated. ⛔️

You should probably **not** use this base Docker image (or any other similar one).

If you are using **Kubernetes** (or others) and you are already setting **replication** at the cluster level, with multiple **containers**. In those cases, you are better off **building an image from scratch** as described above: [Build a Docker Image for FastAPI](#build-a-docker-image-for-fastapi).

And if you need to have multiple workers, you can simply use the `--workers` command line option.

/// note | Technical Details

The Docker image was created when Uvicorn didn't support managing and restarting dead workers, so it was needed to use Gunicorn with Uvicorn, which added quite some complexity, just to have Gunicorn manage and restart the Uvicorn worker processes.

But now that Uvicorn (and the `fastapi` command) support using `--workers`, there's no reason to use a base Docker image instead of building your own (it's pretty much the same amount of code 😅).

///",carlos,1,
q22,deployment,What are workers and when should I use multiple worker processes to run FastAPI?,11,deployment/concepts-20,deployment/concepts.md,Worker Processes and Ports { #worker-processes-and-ports },"### Worker Processes and Ports { #worker-processes-and-ports }

Remember from the docs [About HTTPS](https.md) that only one process can be listening on one combination of port and IP address in a server?

This is still true.

So, to be able to have **multiple processes** at the same time, there has to be a **single process listening on a port** that then transmits the communication to each worker process in some way.",carlos,1,
q22,deployment,What are workers and when should I use multiple worker processes to run FastAPI?,14,deployment/docker-27,deployment/docker.md,One Process per Container { #one-process-per-container },"### One Process per Container { #one-process-per-container }

In this type of scenario, you probably would want to have **a single (Uvicorn) process per container**, as you would already be handling replication at the cluster level.

So, in this case, you **would not** want to have multiple workers in the container, for example with the `--workers` command line option. You would want to have just a **single Uvicorn process** per container (but probably multiple containers).

Having another process manager inside the container (as would be with multiple workers) would only add **unnecessary complexity** that you are most probably already taking care of with your cluster system.",carlos,1,
q22,deployment,What are workers and when should I use multiple worker processes to run FastAPI?,16,deployment/server-workers-13,deployment/server-workers.md,Deployment Concepts { #deployment-concepts },"## Deployment Concepts { #deployment-concepts }

Here you saw how to use multiple **workers** to **parallelize** the execution of the application, take advantage of **multiple cores** in the CPU, and be able to serve **more requests**.

From the list of deployment concepts from above, using workers would mainly help with the **replication** part, and a little bit with the **restarts**, but you still need to take care of the others:

* **Security - HTTPS**
* **Running on startup**
* ***Restarts***
* Replication (the number of processes running)
* **Memory**
* **Previous steps before starting**",carlos,1,
q22,deployment,What are workers and when should I use multiple worker processes to run FastAPI?,17,deployment/concepts-24,deployment/concepts.md,Examples of Replication Tools and Strategies { #examples-of-replication-tools-and-strategies },"### Examples of Replication Tools and Strategies { #examples-of-replication-tools-and-strategies }

There can be several approaches to achieve this, and I'll tell you more about specific strategies in the next chapters, for example when talking about Docker and containers.

The main constraint to consider is that there has to be a **single** component handling the **port** in the **public IP**. And then it has to have a way to **transmit** the communication to the replicated **processes/workers**.

Here are some possible combinations and strategies:

* **Uvicorn** with `--workers`
    * One Uvicorn **process manager** would listen on the **IP** and **port**, and it would start **multiple Uvicorn worker processes**.
* **Kubernetes** and other distributed **container systems**
    * Something in the **Kubernetes** layer would listen on the **IP** and **port**. The replication would be by having **multiple containers**, each with **one Uvicorn process** running.
* **Cloud services** that handle this for you
    * The cloud service will probably **handle replication for you**. It would possibly let you define **a process to run**, or a **container image** to use, in any case, it would most probably be **a single Uvicorn process**, and the cloud service would be in charge of replicating it.

/// tip

Don't worry if some of these items about **containers**, Docker, or Kubernetes don't make a lot of sense yet.",carlos,1,
q22,deployment,What are workers and when should I use multiple worker processes to run FastAPI?,18,deployment/manually-2,deployment/manually.md,Use the `fastapi run` Command { #use-the-fastapi-run-command },"## Use the `fastapi run` Command { #use-the-fastapi-run-command }

In short, use `fastapi run` to serve your FastAPI application:

<div class=""termy"">",carlos,0,
q22,deployment,What are workers and when should I use multiple worker processes to run FastAPI?,21,deployment/docker-4,deployment/docker.md,Containers and Processes { #containers-and-processes },"## Containers and Processes { #containers-and-processes }

A **container image** normally includes in its metadata the default program or command that should be run when the **container** is started and the parameters to be passed to that program. Very similar to what would be if it was in the command line.

When a **container** is started, it will run that command/program (although you can override it and make it run a different command/program).

A container is running as long as the **main process** (command or program) is running.

A container normally has a **single process**, but it's also possible to start subprocesses from the main process, and that way you will have **multiple processes** in the same container.

But it's not possible to have a running container without **at least one running process**. If the main process stops, the container stops.",carlos,0,
q22,deployment,What are workers and when should I use multiple worker processes to run FastAPI?,23,deployment/docker-24,deployment/docker.md,Replication - Number of Processes { #replication-number-of-processes },"## Replication - Number of Processes { #replication-number-of-processes }

If you have a <dfn title=""A group of machines that are configured to be connected and work together in some way."">cluster</dfn> of machines with **Kubernetes**, Docker Swarm Mode, Nomad, or another similar complex system to manage distributed containers on multiple machines, then you will probably want to **handle replication** at the **cluster level** instead of using a **process manager** (like Uvicorn with workers) in each container.

One of those distributed container management systems like Kubernetes normally has some integrated way of handling **replication of containers** while still supporting **load balancing** for the incoming requests. All at the **cluster level**.

In those cases, you would probably want to build a **Docker image from scratch** as [explained above](#dockerfile), installing your dependencies, and running **a single Uvicorn process** instead of using multiple Uvicorn workers.",carlos,1,
q22,deployment,What are workers and when should I use multiple worker processes to run FastAPI?,24,index-7,index.md,FastAPI { #fastapi },"---

FastAPI is a modern, fast (high-performance), web framework for building APIs with Python based on standard Python type hints.

The key features are:

* **Fast**: Very high performance, on par with **NodeJS** and **Go** (thanks to Starlette and Pydantic). [One of the fastest Python frameworks available](#performance).
* **Fast to code**: Increase the speed to develop features by about 200% to 300%. *
* **Fewer bugs**: Reduce about 40% of human (developer) induced errors. *
* **Intuitive**: Great editor support. <dfn title=""also known as auto-complete, autocompletion, IntelliSense"">Completion</dfn> everywhere. Less time debugging.
* **Easy**: Designed to be easy to use and learn. Less time reading docs.
* **Short**: Minimize code duplication. Multiple features from each parameter declaration. Fewer bugs.
* **Robust**: Get production-ready code. With automatic interactive documentation.
* **Standards-based**: Based on (and fully compatible with) the open standards for APIs: [OpenAPI](https://github.com/OAI/OpenAPI-Specification) (previously known as Swagger) and [JSON Schema](https://json-schema.org/).

<small>* estimation based on tests conducted by an internal development team, building production applications.</small>",carlos,0,
q22,deployment,What are workers and when should I use multiple worker processes to run FastAPI?,25,deployment/docker-26,deployment/docker.md,One Load Balancer - Multiple Worker Containers { #one-load-balancer-multiple-worker-containers },"### One Load Balancer - Multiple Worker Containers { #one-load-balancer-multiple-worker-containers }

When working with **Kubernetes** or similar distributed container management systems, using their internal networking mechanisms would allow the single **load balancer** that is listening on the main **port** to transmit communication (requests) to possibly **multiple containers** running your app.

Each of these containers running your app would normally have **just one process** (e.g. a Uvicorn process running your FastAPI application). They would all be **identical containers**, running the same thing, but each with its own process, memory, etc. That way you would take advantage of **parallelization** in **different cores** of the CPU, or even in **different machines**.

And the distributed container system with the **load balancer** would **distribute the requests** to each one of the containers with your app **in turns**. So, each request could be handled by one of the multiple **replicated containers** running your app.

And normally this **load balancer** would be able to handle requests that go to *other* apps in your cluster (e.g. to a different domain, or under a different URL path prefix), and would transmit that communication to the right containers for *that other* application running in your cluster.",carlos,1,
q23,deployment,"What deployment concepts should I consider for startup, restarts, replication, memory, and HTTPS?",2,advanced/events-6,advanced/events.md,`startup` event { #startup-event },"### `startup` event { #startup-event }

To add a function that should be run before the application starts, declare it with the event `""startup""`:

{* ../../docs_src/events/tutorial001_py310.py hl[8] *}

In this case, the `startup` event handler function will initialize the items ""database"" (just a `dict`) with some values.

You can add more than one event handler function.

And your application won't start receiving requests until all the `startup` event handlers have completed.",carlos,1,
q24,deployment,How should FastAPI be configured when it runs behind a proxy that adds a path prefix?,7,tutorial/testing-7,tutorial/testing.md,Extended **FastAPI** app file { #extended-fastapi-app-file },"### Extended **FastAPI** app file { #extended-fastapi-app-file }

Let's continue with the same file structure as before:

```
.
├── app
│   ├── __init__.py
│   ├── main.py
│   └── test_main.py
```

Let's say that now the file `main.py` with your **FastAPI** app has some other **path operations**.

It has a `GET` operation that could return an error.

It has a `POST` operation that could return several errors.

Both *path operations* require an `X-Token` header.

{* ../../docs_src/app_testing/app_b_an_py310/main.py *}",carlos,0,
q24,deployment,How should FastAPI be configured when it runs behind a proxy that adds a path prefix?,11,tutorial/bigger-applications-23,tutorial/bigger-applications.md,Include a *path operation* { #include-a-path-operation },"### Include a *path operation* { #include-a-path-operation }

We can also add *path operations* directly to the `FastAPI` app.

Here we do it... just to show that we can 🤷:

{* ../../docs_src/bigger_applications/app_an_py310/main.py hl[21:23] title[""app/main.py""] *}

and it will work correctly, together with all the other *path operations* added with `app.include_router()`.

/// note | Very Technical Details

**Note**: this is a very technical detail that you probably can **just skip**.

---

The `APIRouter`s are not ""mounted"", they are not isolated from the rest of the application.

This is because we want to include their *path operations* in the OpenAPI schema and the user interfaces.

FastAPI keeps the original routers and path operations active, and combines the router prefixes, dependencies, tags, responses, and other metadata when handling requests and generating OpenAPI.

///",carlos,0,
q24,deployment,How should FastAPI be configured when it runs behind a proxy that adds a path prefix?,13,advanced/behind-a-proxy-0,advanced/behind-a-proxy.md,Behind a Proxy { #behind-a-proxy },"# Behind a Proxy { #behind-a-proxy }

In many situations, you would use a **proxy** like Traefik or Nginx in front of your FastAPI app.

These proxies could handle HTTPS certificates and other things.",carlos,1,
q24,deployment,How should FastAPI be configured when it runs behind a proxy that adds a path prefix?,16,tutorial/body-8,tutorial/body.md,Request body + path parameters { #request-body-path-parameters },"## Request body + path parameters { #request-body-path-parameters }

You can declare path parameters and request body at the same time.

**FastAPI** will recognize that the function parameters that match path parameters should be **taken from the path**, and that function parameters that are declared to be Pydantic models should be **taken from the request body**.

{* ../../docs_src/body/tutorial003_py310.py hl[15:16] *}",carlos,0,
q24,deployment,How should FastAPI be configured when it runs behind a proxy that adds a path prefix?,17,deployment/https-19,deployment/https.md,Proxy Forwarded Headers { #proxy-forwarded-headers },"## Proxy Forwarded Headers { #proxy-forwarded-headers }

When using a proxy to handle HTTPS, your **application server** (for example Uvicorn via FastAPI CLI) doesn't know anything about the HTTPS process, it communicates with plain HTTP with the **TLS Termination Proxy**.

This **proxy** would normally set some HTTP headers on the fly before transmitting the request to the **application server**, to let the application server know that the request is being **forwarded** by the proxy.

/// note | Technical Details

The proxy headers are:

* [X-Forwarded-For](https://developer.mozilla.org/en-US/docs/Web/HTTP/Reference/Headers/X-Forwarded-For)
* [X-Forwarded-Proto](https://developer.mozilla.org/en-US/docs/Web/HTTP/Reference/Headers/X-Forwarded-Proto)
* [X-Forwarded-Host](https://developer.mozilla.org/en-US/docs/Web/HTTP/Reference/Headers/X-Forwarded-Host)

///

Nevertheless, as the **application server** doesn't know it is behind a trusted **proxy**, by default, it wouldn't trust those headers.

But you can configure the **application server** to trust the *forwarded* headers sent by the **proxy**. If you are using FastAPI CLI, you can use the *CLI Option* `--forwarded-allow-ips` to tell it from which IPs it should trust those *forwarded* headers.",carlos,1,
q24,deployment,How should FastAPI be configured when it runs behind a proxy that adds a path prefix?,29,tutorial/security/first-steps-8,tutorial/security/first-steps.md,**FastAPI**'s `OAuth2PasswordBearer` { #fastapis-oauth2passwordbearer },"/// tip

Here `tokenUrl=""token""` refers to a relative URL `token` that we haven't created yet. As it's a relative URL, it's equivalent to `./token`.

Because we are using a relative URL, if your API was located at `https://example.com/`, then it would refer to `https://example.com/token`. But if your API was located at `https://example.com/api/v1/`, then it would refer to `https://example.com/api/v1/token`.

Using a relative URL is important to make sure your application keeps working even in an advanced use case like [Behind a Proxy](../../advanced/behind-a-proxy.md).

///

This parameter doesn't create that endpoint / *path operation*, but declares that the URL `/token` will be the one that the client should use to get the token. That information is used in OpenAPI, and then in the interactive API documentation systems.

We will soon also create the actual path operation.

/// note

If you are a very strict ""Pythonista"" you might dislike the style of the parameter name `tokenUrl` instead of `token_url`.

That's because it is using the same name as in the OpenAPI spec. So that if you need to investigate more about any of these security schemes you can just copy and paste it to find more information about it.

///

The `oauth2_scheme` variable is an instance of `OAuth2PasswordBearer`, but it is also a ""callable"".

It could be called as:

```Python
oauth2_scheme(some, parameters)
```",carlos,1,
q24,deployment,How should FastAPI be configured when it runs behind a proxy that adds a path prefix?,31,advanced/behind-a-proxy-8,advanced/behind-a-proxy.md,Proxy with a stripped path prefix { #proxy-with-a-stripped-path-prefix },"In this example, the ""Proxy"" could be something like **Traefik**. And the server would be something like FastAPI CLI with **Uvicorn**, running your FastAPI application.",carlos,1,
q25,testing,How do I test FastAPI endpoints using TestClient?,17,index-7,index.md,FastAPI { #fastapi },"---

FastAPI is a modern, fast (high-performance), web framework for building APIs with Python based on standard Python type hints.

The key features are:

* **Fast**: Very high performance, on par with **NodeJS** and **Go** (thanks to Starlette and Pydantic). [One of the fastest Python frameworks available](#performance).
* **Fast to code**: Increase the speed to develop features by about 200% to 300%. *
* **Fewer bugs**: Reduce about 40% of human (developer) induced errors. *
* **Intuitive**: Great editor support. <dfn title=""also known as auto-complete, autocompletion, IntelliSense"">Completion</dfn> everywhere. Less time debugging.
* **Easy**: Designed to be easy to use and learn. Less time reading docs.
* **Short**: Minimize code duplication. Multiple features from each parameter declaration. Fewer bugs.
* **Robust**: Get production-ready code. With automatic interactive documentation.
* **Standards-based**: Based on (and fully compatible with) the open standards for APIs: [OpenAPI](https://github.com/OAI/OpenAPI-Specification) (previously known as Swagger) and [JSON Schema](https://json-schema.org/).

<small>* estimation based on tests conducted by an internal development team, building production applications.</small>",carlos,0,
q25,testing,How do I test FastAPI endpoints using TestClient?,27,advanced/async-tests-2,advanced/async-tests.md,HTTPX { #httpx },"## HTTPX { #httpx }

Even if your **FastAPI** application uses normal `def` functions instead of `async def`, it is still an `async` application underneath.

The `TestClient` does some magic inside to call the asynchronous FastAPI application in your normal `def` test functions, using standard pytest. But that magic doesn't work anymore when we're using it inside asynchronous functions. By running our tests asynchronously, we can no longer use the `TestClient` inside our test functions.

The `TestClient` is based on [HTTPX](https://www.python-httpx.org), and luckily, we can use it directly to test the API.",carlos,1,
q26,testing,How can I override dependencies during FastAPI tests?,7,advanced/advanced-dependencies-0,advanced/advanced-dependencies.md,Advanced Dependencies { #advanced-dependencies },# Advanced Dependencies { #advanced-dependencies },carlos,0,
q26,testing,How can I override dependencies during FastAPI tests?,26,advanced/settings-19,advanced/settings.md,Recap { #recap },"## Recap { #recap }

You can use Pydantic Settings to handle the settings or configurations for your application, with all the power of Pydantic models.

* By using a dependency you can simplify testing.
* You can use `.env` files with it.
* Using `@lru_cache` lets you avoid reading the dotenv file again and again for each request, while allowing you to override it during testing.",carlos,1,
q27,advanced,How can I use lifespan events to initialize and clean up shared resources in FastAPI?,3,advanced/async-tests-5,advanced/async-tests.md,In Detail { #in-detail },"## In Detail { #in-detail }

The marker `@pytest.mark.anyio` tells pytest that this test function should be called asynchronously:

{* ../../docs_src/async_tests/app_a_py310/test_main.py hl[7] *}

/// tip

Note that the test function is now `async def` instead of just `def` as before when using the `TestClient`.

///

Then we can create an `AsyncClient` with the app, and send async requests to it, using `await`.

{* ../../docs_src/async_tests/app_a_py310/test_main.py hl[9:12] *}

This is the equivalent to:

```Python
response = client.get('/')
```

...that we used to make our requests with the `TestClient`.

/// tip

Note that we're using async/await with the new `AsyncClient` - the request is asynchronous.

///

/// warning

If your application relies on lifespan events, the `AsyncClient` won't trigger these events. To ensure they are triggered, use `LifespanManager` from [florimondmanca/asgi-lifespan](https://github.com/florimondmanca/asgi-lifespan#usage).

///",carlos,0,
q27,advanced,How can I use lifespan events to initialize and clean up shared resources in FastAPI?,24,reference/fastapi-0,reference/fastapi.md,`FastAPI` class,"# `FastAPI` class

Here's the reference information for the `FastAPI` class, with all its parameters, attributes and methods.

You can import the `FastAPI` class directly from `fastapi`:

```python
from fastapi import FastAPI
```

::: fastapi.FastAPI
    options:
        members:
            - openapi_version
            - webhooks
            - state
            - dependency_overrides
            - openapi
            - websocket
            - include_router
            - frontend
            - get
            - put
            - post
            - delete
            - options
            - head
            - patch
            - trace
            - on_event
            - middleware
            - exception_handler",carlos,0,
q28,advanced,How can I create a custom exception handler in FastAPI?,3,reference/responses-0,reference/responses.md,"Custom Response Classes - File, HTML, Redirect, Streaming, etc.","# Custom Response Classes - File, HTML, Redirect, Streaming, etc.

There are several custom response classes you can use to create an instance and return them directly from your *path operations*.

Read more about it in the [FastAPI docs for Custom Response - HTML, Stream, File, others](https://fastapi.tiangolo.com/advanced/custom-response/).

You can import them directly from `fastapi.responses`:

```python
from fastapi.responses import (
    FileResponse,
    HTMLResponse,
    JSONResponse,
    ORJSONResponse,
    PlainTextResponse,
    RedirectResponse,
    Response,
    StreamingResponse,
    UJSONResponse,
)
```",carlos,1,
q28,advanced,How can I create a custom exception handler in FastAPI?,27,tutorial/dependencies/dependencies-with-yield-5,tutorial/dependencies/dependencies-with-yield.md,Dependencies with `yield` and `HTTPException` { #dependencies-with-yield-and-httpexception },"## Dependencies with `yield` and `HTTPException` { #dependencies-with-yield-and-httpexception }

You saw that you can use dependencies with `yield` and have `try` blocks that try to execute some code and then run some exit code after `finally`.

You can also use `except` to catch the exception that was raised and do something with it.

For example, you can raise a different exception, like `HTTPException`.

/// tip

This is a somewhat advanced technique, and in most of the cases you won't really need it, as you can raise exceptions (including `HTTPException`) from inside of the rest of your application code, for example, in the *path operation function*.

But it's there for you if you need it. 🤓

///

{* ../../docs_src/dependencies/tutorial008b_an_py310.py hl[18:22,31] *}

If you want to catch exceptions and create a custom response based on that, create a [Custom Exception Handler](../handling-errors.md#install-custom-exception-handlers).",carlos,0,
q29,advanced,How do I include and organize APIRouter instances in a larger FastAPI application?,8,tutorial/static-files-2,tutorial/static-files.md,"What is ""Mounting"" { #what-is-mounting }","### What is ""Mounting"" { #what-is-mounting }

""Mounting"" means adding a complete ""independent"" application in a specific path, that then takes care of handling all the sub-paths.

This is different from using an `APIRouter` as a mounted application is completely independent. The OpenAPI and docs from your main application won't include anything from the mounted application, etc.

You can read more about this in the [Advanced User Guide](../advanced/index.md).",carlos,1,
q29,advanced,How do I include and organize APIRouter instances in a larger FastAPI application?,17,reference/apirouter-0,reference/apirouter.md,`APIRouter` class,"# `APIRouter` class

Here's the reference information for the `APIRouter` class, with all its parameters, attributes and methods.

You can import the `APIRouter` class directly from `fastapi`:

```python
from fastapi import APIRouter
```

::: fastapi.APIRouter
    options:
        members:
            - websocket
            - include_router
            - frontend
            - get
            - put
            - post
            - delete
            - options
            - head
            - patch
            - trace
            - on_event",carlos,1,
q30,advanced,How can I customize or extend the generated OpenAPI schema in FastAPI?,5,tutorial/first-steps-15,tutorial/first-steps.md,Check the `openapi.json` { #check-the-openapi-json },"#### Check the `openapi.json` { #check-the-openapi-json }

If you are curious about what the raw OpenAPI schema looks like, FastAPI automatically generates a JSON (schema) with the descriptions of all your API.

You can see it directly at: [http://127.0.0.1:8000/openapi.json](http://127.0.0.1:8000/openapi.json).

It will show a JSON starting with something like:

```JSON
{
    ""openapi"": ""3.1.0"",
    ""info"": {
        ""title"": ""FastAPI"",
        ""version"": ""0.1.0""
    },
    ""paths"": {
        ""/items/"": {
            ""get"": {
                ""responses"": {
                    ""200"": {
                        ""description"": ""Successful Response"",
                        ""content"": {
                            ""application/json"": {



...
```",carlos,0,
q30,advanced,How can I customize or extend the generated OpenAPI schema in FastAPI?,7,how-to/general-9,how-to/general.md,OpenAPI Custom URL { #openapi-custom-url },"## OpenAPI Custom URL { #openapi-custom-url }

To customize the OpenAPI URL (or remove it), read the docs for [Tutorial - Metadata and Docs URLs](../tutorial/metadata.md#openapi-url).",carlos,0,
q30,advanced,How can I customize or extend the generated OpenAPI schema in FastAPI?,8,tutorial/body-fields-3,tutorial/body-fields.md,Add extra information { #add-extra-information },"## Add extra information { #add-extra-information }

You can declare extra information in `Field`, `Query`, `Body`, etc. And it will be included in the generated JSON Schema.

You will learn more about adding extra information later in the docs, when learning to declare examples.

/// warning

Extra keys passed to `Field` will also be present in the resulting OpenAPI schema for your application.
As these keys may not necessarily be part of the OpenAPI specification, some OpenAPI tools, for example [the OpenAPI validator](https://validator.swagger.io/), may not work with your generated schema.

///",carlos,1,
q30,advanced,How can I customize or extend the generated OpenAPI schema in FastAPI?,11,how-to/separate-openapi-schemas-0,how-to/separate-openapi-schemas.md,Separate OpenAPI Schemas for Input and Output or Not { #separate-openapi-schemas-for-input-and-output-or-not },"# Separate OpenAPI Schemas for Input and Output or Not { #separate-openapi-schemas-for-input-and-output-or-not }

Since **Pydantic v2** was released, the generated OpenAPI is a bit more exact and **correct** than before. 😎

In fact, in some cases, it will even have **two JSON Schemas** in OpenAPI for the same Pydantic model, for input and output, depending on if they have **default values**.

Let's see how that works and how to change it if you need to do that.",carlos,1,
q30,advanced,How can I customize or extend the generated OpenAPI schema in FastAPI?,13,tutorial/first-steps-12,tutorial/first-steps.md,"API ""schema"" { #api-schema }","#### API ""schema"" { #api-schema }

In this case, [OpenAPI](https://github.com/OAI/OpenAPI-Specification) is a specification that dictates how to define a schema of your API.

This schema definition includes your API paths, the possible parameters they take, etc.",carlos,0,
q30,advanced,How can I customize or extend the generated OpenAPI schema in FastAPI?,15,tutorial/metadata-13,tutorial/metadata.md,OpenAPI URL { #openapi-url },"## OpenAPI URL { #openapi-url }

By default, the OpenAPI schema is served at `/openapi.json`.

But you can configure it with the parameter `openapi_url`.

For example, to set it to be served at `/api/v1/openapi.json`:

{* ../../docs_src/metadata/tutorial002_py310.py hl[3] *}

If you want to disable the OpenAPI schema completely you can set `openapi_url=None`, that will also disable the documentation user interfaces that use it.",carlos,0,
q30,advanced,How can I customize or extend the generated OpenAPI schema in FastAPI?,21,tutorial/metadata-0,tutorial/metadata.md,Metadata and Docs URLs { #metadata-and-docs-urls },"# Metadata and Docs URLs { #metadata-and-docs-urls }

You can customize several metadata configurations in your **FastAPI** application.",carlos,0,
q30,advanced,How can I customize or extend the generated OpenAPI schema in FastAPI?,22,tutorial/first-steps-10,tutorial/first-steps.md,OpenAPI { #openapi },"### OpenAPI { #openapi }

**FastAPI** generates a ""schema"" with all your API using the **OpenAPI** standard for defining APIs.",carlos,0,
q30,advanced,How can I customize or extend the generated OpenAPI schema in FastAPI?,24,tutorial/schema-extra-example-1,tutorial/schema-extra-example.md,Extra JSON Schema data in Pydantic models { #extra-json-schema-data-in-pydantic-models },"## Extra JSON Schema data in Pydantic models { #extra-json-schema-data-in-pydantic-models }

You can declare `examples` for a Pydantic model that will be added to the generated JSON Schema.

{* ../../docs_src/schema_extra_example/tutorial001_py310.py hl[13:24] *}

That extra info will be added as-is to the output **JSON Schema** for that model, and it will be used in the API docs.

You can use the attribute `model_config` that takes a `dict` as described in [Pydantic's docs: Configuration](https://pydantic.dev/docs/validation/latest/api/pydantic/config/).

You can set `""json_schema_extra""` with a `dict` containing any additional data you would like to show up in the generated JSON Schema, including `examples`.

/// tip

You could use the same technique to extend the JSON Schema and add your own custom extra info.

For example you could use it to add metadata for a frontend user interface, etc.

///

/// note

OpenAPI 3.1.0 (used since FastAPI 0.99.0) added support for `examples`, which is part of the **JSON Schema** standard.",carlos,1,
